record_id,referring_domain,source_url,target_url,anchor_or_surrounding_context,follow_status,first_seen,relevance,authority_type,estimated_qualified_traffic,reference_accuracy,relationship,backlink_status,actionability,evidence_status
"BL-001","github.com","https://github.com/suvrotica/suvroghosh-in","https://www.suvroghosh.in/","Public source repository links to the canonical site; repository remote matches the audited project","UNVERIFIED","2026-08-06 audit observation","HIGH — technical provenance for the site","owned","UNVERIFIED","ACCURATE — repository and audited Git remote match","owned","BACKLINK OBSERVED — NOT AN INDEPENDENT ENDORSEMENT","EXPANDABLE — add project-specific READMEs and canonical article links only where useful","VERIFIED FROM PUBLIC REPOSITORY AND LOCAL GIT REMOTE"
"BL-002","linkedin.com","https://www.linkedin.com/in/suvro-ghosh-78a5aa278","","Exact URL is declared in the site's Person sameAs; Vercel listed 2 linkedin.com visitors and 1 LinkedIn Android visitor, but did not expose the referring post or target page","UNVERIFIED","2026-08-06 audit observation","HIGH — professional audience if the owner confirms and maintains the profile","social platform","UNVERIFIED — 3 LISTED REFERRER VISITORS; QUALIFICATION UNKNOWN","EXACT OWNED-SITE DECLARED URL; EXTERNAL PROFILE OWNERSHIP AND CONTENT UNVERIFIED","owned","REFERRAL OBSERVED; PERSISTENT BACKLINK UNVERIFIED","EXPANDABLE AFTER OWNER CONFIRMATION — use factual profile/project links","OBSERVED AGGREGATE REFERRAL; SOURCE-PAGE LINK UNVERIFIED"
"BL-003","suvroghosh.substack.com","https://suvroghosh.substack.com/","","Exact URL is declared in the site's Person sameAs; Vercel listed 1 Substack visitor but did not expose the referring post or target page","UNVERIFIED","2026-08-06 audit observation","MEDIUM — retention and essay distribution if the owner confirms and maintains the publication","owned","UNVERIFIED — 1 LISTED REFERRER VISITOR; QUALIFICATION UNKNOWN","EXACT OWNED-SITE DECLARED URL; EXTERNAL PUBLICATION OWNERSHIP AND CONTENT UNVERIFIED","owned","REFERRAL OBSERVED; PERSISTENT BACKLINK UNVERIFIED","EXPANDABLE AFTER OWNER CONFIRMATION — publish native excerpts with canonical links","OBSERVED AGGREGATE REFERRAL; SOURCE-PAGE LINK UNVERIFIED"
"BL-004","youtube.com","https://www.youtube.com/@SuvroGhoshIN","","Exact URL is declared in the site's Person sameAs; Vercel listed 2 YouTube visitors but did not expose the referring video or target page","UNVERIFIED","2026-08-06 audit observation","MEDIUM — demonstrations can support interactive and technical work","social platform","UNVERIFIED — 2 LISTED REFERRER VISITORS; QUALIFICATION UNKNOWN","EXACT OWNED-SITE DECLARED URL; EXTERNAL CHANNEL OWNERSHIP AND CONTENT UNVERIFIED","owned","REFERRAL OBSERVED; PERSISTENT BACKLINK UNVERIFIED","EXPANDABLE AFTER OWNER CONFIRMATION — captioned demonstrations can cite methods pages","OBSERVED AGGREGATE REFERRAL; SOURCE-PAGE LINK UNVERIFIED"
"BL-005","x.com","https://x.com/suvroghoshin","","Exact URL is declared in the site's Person sameAs; no X referrer row appeared in the retained Vercel table","UNVERIFIED","2026-08-06 audit observation","LOW TO MEDIUM — short-form discovery depends on relevant participation","social platform","UNVERIFIED","EXACT OWNED-SITE DECLARED URL; EXTERNAL PROFILE OWNERSHIP AND CONTENT UNVERIFIED","owned","BACKLINK AND REFERRAL UNVERIFIED","EXPANDABLE AFTER OWNER CONFIRMATION — use selective native summaries, not automated posting","FIRST-PARTY DECLARATION ONLY"
"BL-006","doi.org","https://doi.org/10.1097/00115514-200609000-00005","","Publication record for Task Overlap Among Primary Care Team Members; title and author align with the publication listed on the site's resume","UNVERIFIED","2026-08-06 audit observation","HIGH — scholarly healthcare corroboration","scholarly","UNVERIFIED","EXACT TITLE AND AUTHOR MATCH; CURRENT-DOMAIN BACKLINK NOT OBSERVED","earned","MENTION OBSERVED; BACKLINK TO CURRENT DOMAIN NOT OBSERVED","EXPANDABLE AFTER OWNER CONFIRMATION — connect the resume or a factual contribution page to the DOI","VERIFIED PUBLIC RECORD; PERSON-TO-RECORD LINK SHOULD BE OWNER-CONFIRMED"
"BL-007","researchgate.net","https://www.researchgate.net/publication/6755249_Task_Overlap_Among_Primary_Care_Team_Members_An_Opportunity_for_System_Redesign","","Third-party publication record repeats the title, author, and DOI of the healthcare paper listed on the site's resume","UNVERIFIED","2026-08-06 audit observation","MEDIUM — publication discovery and corroboration","scholarly","UNVERIFIED","EXACT TITLE, AUTHOR, AND DOI MATCH; PROFILE OWNERSHIP AND CURRENT-DOMAIN BACKLINK UNVERIFIED","earned","MENTION OBSERVED; BACKLINK TO CURRENT DOMAIN NOT OBSERVED","CORRECTABLE OR EXPANDABLE ONLY BY THE LEGITIMATE OWNER; do not claim the profile without confirmation","VERIFIED PUBLIC RECORD; PROFILE OWNERSHIP UNVERIFIED"
"BL-008","cioreview.com","https://www.cioreview.com/clinzen-llc","","Public ClinZen profile contains a matching name, company, and role; it is not treated as an endorsement or verified identity link","UNVERIFIED","2026-08-06 audit observation","MEDIUM IF OWNER CONFIRMS IDENTITY AND THE RECORD REMAINS ACCURATE","earned editorial","UNVERIFIED","PARTIAL ENTITY ALIGNMENT — OWNER CONFIRMATION REQUIRED","earned","MENTION OBSERVED; BACKLINK TO CURRENT DOMAIN NOT OBSERVED","CORRECTABLE OR CONTEXTUALISABLE AFTER OWNER CONFIRMATION; do not add sameAs or testimonial language","PUBLIC RECORD VERIFIED; IDENTITY LINK UNVERIFIED"
"BL-009","acnnewswire.com","https://www.acnnewswire.com/press-release/english/22080/clinical-trial-efficiency-should-be-a-key-focus","","Public ClinZen interview/press-wire record contains a matching name, company, and role; it is not treated as an endorsement","UNVERIFIED","2026-08-06 audit observation","MEDIUM IF OWNER CONFIRMS IDENTITY AND THE RECORD REMAINS ACCURATE","directory or aggregator","UNVERIFIED","PARTIAL ENTITY ALIGNMENT — OWNER CONFIRMATION REQUIRED","earned","MENTION OBSERVED; BACKLINK TO CURRENT DOMAIN NOT OBSERVED","CORRECTABLE OR CONTEXTUALISABLE AFTER OWNER CONFIRMATION; preserve the source's original framing","PUBLIC RECORD VERIFIED; IDENTITY LINK UNVERIFIED"
