id,category,severity,confidence,evidence,affected_scope,impact,recommendation,effort,owner,verification
"GSC-P1-001","search account access","P1","VERIFIED ACCESS BLOCKER","GOOGLE_SEARCH_CONSOLE.md § Access verdict; SEARCH_CONSOLE_AND_BING.md § Evidence-status matrix; URL_INSPECTION_SAMPLE.csv rows UI-001 through UI-045","Domain-level Google search diagnosis","Manual Actions, Security Issues, indexing, selected canonicals, impressions, clicks, CTR, position, links, and CWV cannot be verified; public search cannot substitute","Existing verified owner should grant temporary Full user read access or export the specified reports; do not initiate DNS verification without explicit authorization","Small owner action; medium evidence review","Search property owner","Dated sanitized Manual Actions and Security Issues states plus performance, indexing, sitemap, links, CWV, and all 45 URL Inspection outcomes"
"BING-P1-001","search account access","P1","VERIFIED ACCESS BLOCKER","BING_WEBMASTER_TOOLS.md § Access verdict; SEARCH_CONSOLE_AND_BING.md § Bing Webmaster Tools assessment","Domain-level Bing search and IndexNow diagnosis","Bing indexing, performance, crawl, security, backlinks, sitemaps, URL Inspection, and live IndexNow outcomes remain unknown","Existing property owner should grant temporary read-only access or export the specified evidence; do not bypass challenges or alter verification without authorization","Small owner action; medium evidence review","Bing property owner","Dated sanitized Bing exports plus IndexNow workflow/Insights evidence and the representative URL sample"
"ANALYTICS-P1-001","analytics contamination","P1","HIGH — VERIFIED COUNTS AND CONFOUNDERS","ANALYTICS_TRUTH.md §§ Verdict and Contamination and anomaly analysis; TRAFFIC_BY_DAY.csv rows 2026-07-16 and 2026-07-17","All traffic, demand, engagement, and growth decisions","The observed 23.4 visitors/day seven-day counter cannot be treated as clean human or organic demand; 913 visitors/3,394 views over 28 days include concentrated and unattributed activity","Freeze definitions and collect 30 clean days with owner, deployment, audit, preview, monitoring, and known synthetic activity excluded or annotated; retain unknown traffic as unknown","Medium","Site owner and analytics/privacy owner","A reproducible 28-day human-traffic estimate or a documented product limitation under frozen filters, timezone, canonical map, and contamination rules"
"PERF-P1-001","field performance","P1","HIGH","PERFORMANCE_AND_ACCESSIBILITY.md §§ Plain-language verdict and Field loading is the controlling result; CORE_WEB_VITALS.csv Vercel desktop overall rows","Desktop production experience across sampled field traffic","Desktop p75 RES 56, LCP 6.96 s, FCP 5.68 s, and TTFB 0.94 s over 250 points can impair reading and professional journeys","Investigate by route and geography; retain before SHA; ship only route-specific changes that improve clean comparable lab and stable field evidence without content or accessibility regression","Medium","Site owner and performance engineer","Stable same-route/device 28-day field window plus telemetry-blocked three-run medians showing targeted improvement without regression"
"PERF-P1-002","professional landing performance","P1","HIGH","PERFORMANCE_AND_ACCESSIBILITY.md § Résumé video payload; LIGHTHOUSE_RESULTS.csv page_id resume median rows","Canonical résumé route","Three eager YouTube players contribute roughly 981–1,004 KiB median initial JavaScript and about 1.11–1.23 MiB typical YouTube transfer, increasing delay and variance on a high-business-value path","Replace eager players with accessible local posters and explicit click-to-play controls; preserve title, caption, direct link, and keyboard path","Medium","Frontend engineer and content/video owner","No YouTube iframe/script request before activation; three clean mobile/desktop medians; keyboard, focus, caption, content, and conversion-path review pass"
"CRAWL-P3-001","crawlability","P3","HIGH — VERIFIED COMPLETE","AUDIT_SUMMARY.json; URL_INVENTORY.csv; REDIRECTS.csv; SITEMAP_RECONCILIATION.csv; USER_AGENT_SAMPLE.csv; USER_AGENT_COMPARISON.csv","1,022 reconciled production URLs and 60 representative URLs across eight user agents","No site-wide crawl block, challenge, user-agent material difference, redirect chain, or loop was observed; all inventory rows completed at terminal HTTP 200, while 85 known aliases use a direct one-hop 308","Preserve the current crawl and robots controls; monitor the accepted inventory and representative user-agent sample after approved route or platform changes","Small recurring verification","Audit engineer and platform owner","Accepted rerun retains 1,022 reconciled rows, 85 one-hop redirects, 480 error-free user-agent requests, zero material differences, and the matching robots hash"
"INDEX-P2-001","technical indexability","P2","HIGH — VERIFIED TARGETED DEFECTS","INDEXABILITY.csv; SITEMAP_RECONCILIATION.csv; INTERNAL_LINKS_AND_ARCHITECTURE.md §§ Technical eligibility and canonical controls","933 technically eligible canonical graph URLs; four additional indexable requested-URL rows require exact canonical-policy review","Two standalone notebook HTML pages omit canonicals and are dead ends; two page-2 routes canonicalize to a different path while repeating base metadata. Engine indexing, selected canonicals, and sitemap acceptance remain unverified","Resolve only the four named canonical-policy rows after owner intent is confirmed; review Notes, image-tab, notebook, and pagination sitemap roles without bulk noindexing, redirects, or submissions","Medium targeted review","Platform owner, information architect, and search property owners","A bounded recrawl shows the intended canonical, initial HTML, index directive, sitemap role, and link path for each acted-on row; Google/Bing evidence separately verifies engine state"
"LINK-P2-001","internal linking and architecture","P2","HIGH — VERIFIED RENDERED GRAPH","INTERNAL_LINK_GRAPH.csv; ORPHANS.csv; CRAWL_DEPTH.csv; INTERNAL_LINKS_AND_ARCHITECTURE.md; HUB_RECOMMENDATIONS.md; FLAGSHIP_ARCHITECTURE.csv","935 rendered canonical nodes and 46,253 edge-evidence rows","The graph is one weak component with zero true or crawler-unreachable orphans, but has 59 near-orphans, two notebook dead ends, 218 pagination-only canonicals, one visible-unreachable inactive-tab resource, and 86 redirecting internal-link occurrences; all 25 flagships have contextual and hub support","Apply only owner-approved page-level repairs: resolve the notebook/resource roles, update two shared legacy topic hrefs, and consider one shallow contextual path for the sole depth-four flagship; do not mass-link or consolidate archives","Medium targeted information-architecture work","Information architect, editorial owner, and platform owner","A rerun preserves one connected canonical graph and 25/25 supported flagships while each approved target gains its intended visible/canonical path and no redirecting href regression"
"CONVERSION-P2-001","conversion measurement","P2","HIGH","CONVERSION_MEASUREMENT.md §§ Current state, Required eight-stage funnel, and Event decision register","Technical eligibility through qualified enquiries","No trustworthy baseline connects page views or search visits to engagement, returns, actions, or qualified enquiries; missing events are not measured zeroes","Approve the eight-stage definitions and one or two privacy-bounded outcome events; validate in preview; publish appropriate disclosure; collect a clean window","Medium","Site owner and analytics/privacy owner","All eight stages retain explicit sources/statuses; accepted events fire once within scope; rejected signals do not fire; no personal data enters analytics"
"CONTENT-P2-001","factual evidence readiness","P2","HIGH FOR OBSERVED LOCAL GAPS; BROAD CORPUS PRIORITY IS HEURISTIC","EVIDENCE_AUDIT.csv: 146 rows with evidence_requirement_0_5 >= 4 and existing_evidence_quality_0_5 = 0; SOURCE_TO_CLAIM_REVIEW.md: 7 locally aligned, 4 partial, 3 concern among 14 source-bearing pages; CITATION_LIVENESS.csv: 49 live responses, 1 confirmed HTTP 404 review, 36 access/network/private unknowns","Evidence-sensitive healthcare, AI, scientific, and current-affairs pages","Three source-bearing pages have material local support gaps, four have incomplete coverage/mapping, one authored citation returned HTTP 404 to both HEAD and GET, and the wider machine-prioritized corpus still requires editorial review; none of these observations proves a factual claim false","Repair the confirmed citation after checking the intended edition; review the three concern pages before promotion; then human-review at most one healthcare and one interactive provisional flagship with claim-level primary/institutional sources, methods, dates, contribution context, and fact/inference/opinion boundaries","Medium to large editorial review","Editorial owner and subject-matter reviewer","Every selected page has an approved claim/source map, live and semantically supporting sources, explicit limitations/contribution context, a genuine review date, and no decorative references"
"CONTENT-P2-002","content overlap and taxonomy","P2","MEDIUM — HEURISTIC CANDIDATES ONLY","DUPLICATION_AND_CANNIBALIZATION.csv candidates CORPUS-00001 through CORPUS-00205; CONTENT_AND_DEMAND.md § Review queues","205 review candidates: 148 tag-fragmentation, 55 thin-category, one near-duplicate body pair, and one title variant","Fragmented discovery or overlapping intent may dilute navigation and editorial maintenance, but no ranking cannibalization or rendered-hub defect is proven","Join candidates to search queries, rendered architecture, and human editorial intent; consolidate, redirect, or noindex only after side-by-side approval","Medium to large review","Editorial owner and information architect","Each acted-on candidate has equivalent audience intent, canonical replacement, query evidence, before/after crawl, and explicit editorial approval"
"AUTH-P2-001","authority and distribution","P2","MEDIUM — PLAUSIBLE CONSTRAINT, SHORTAGE UNVERIFIED","AUTHORITY_AND_DISTRIBUTION.md §§ Executive conclusion and Authority gaps that matter; BACKLINKS.csv rows BL-001 through BL-009; TRAFFIC_BY_REFERRER.csv retained rows","Flagship discovery, professional corroboration, and referral acquisition","Only one owned repository backlink was observed; 19 listed referrer visitors and 23 views do not establish a healthy independent reference graph or qualified distribution","Obtain Google/Bing link exports, confirm identity links, make selected flagships reference-ready, then run one small owner-executed contribution-first cycle with no automated outreach","Medium","Site owner, editorial owner, and search analyst","Earned domains classified separately from owned/social; source/target/context verified; qualified referrals measured under clean definitions"
"A11Y-P2-001","accessibility","P2","HIGH — REPEATABLE LAB EVIDENCE","PERFORMANCE_AND_ACCESSIBILITY.md § Accessibility and semantic findings; LIGHTHOUSE_RESULTS.csv applicable raw and median rows","Résumé and Fractal Atlas rendered interfaces","Nine résumé contrast nodes, nine Atlas contrast/readout nodes, and visible-label/accessible-name mismatches can impede low-vision and voice-control users","Correct the exact colour and naming defects; add rendered regression cases and complete keyboard/screen-reader/zoom/forced-colour review","Small to medium","Design-system and frontend engineer","Lighthouse failure-node counts reach zero on both profiles; rendered contrast and accessible-name tests plus manual voice-control review pass"
"PERF-P2-003","archive media performance","P2","HIGH","PERFORMANCE_AND_ACCESSIBILITY.md §§ Key route lab medians and Archive image weight; LIGHTHOUSE_RESULTS.csv page_id archive median rows","Representative monthly archive","Desktop archive transferred a median 1,635 KiB of images; cards lack responsive srcset/sizes, increasing unnecessary transfer","Generate smaller responsive AVIF/WebP/JPEG candidates, retain intrinsic dimensions, and verify the actual LCP card before eager priority","Medium","Frontend and media-pipeline engineer","Valid responsive sources; three clean desktop/mobile medians improve against 1,635 KiB without visual, alt-text, layout, or LCP regression"
"VIS-P2-001","visualization performance","P2","HIGH","PERFORMANCE_AND_ACCESSIBILITY.md §§ Key route lab medians and Fractal Atlas; LIGHTHOUSE_RESULTS.csv page_id heaviest-visualization median rows","Fractal Atlas article and laboratory","Initial navigation includes 275 KiB JavaScript; mobile main-thread work was 4,371 ms with 187 ms TBT and a 772 ms maximum long task despite strong runtime lifecycle controls","Split/defer laboratory code while preserving article, poster, captions, noscript/static fallback, canonical base URL, state sharing, keyboard path, and cleanup","Medium to large","Visualization and platform engineer","Initial transfer/main-thread metrics improve; activation, restoration, fallback, canonical, accessibility, pause, and disposal tests remain green"
"VIS-P2-002","visualization responsiveness","P2","HIGH","PERFORMANCE_AND_ACCESSIBILITY.md § Lightweight shader","Living Pigment lightweight visualization","After activation and resize from 390 px to 320 px, a 398 px canvas remained inside a 256 px shell; offscreen/hidden-tab pausing is not explicit after loader disconnect","Repair resize calculations and add intersection/visibility pause-resume semantics without overriding user play state","Small to medium","Visualization frontend engineer","Automated 390→320→768 test keeps canvas within shell and pointer/keyboard coordinates correct; hidden/offscreen and reduced-motion state tests pass"
"SEC-P2-001","third-party browser supply chain","P2","HIGH","SECURITY_FINDINGS.md § SEC-P2-001","Two directly accessible exported notebook pages","Four third-party executable scripts load without SRI and without a page CSP, increasing impact if a remote delivery path is compromised","Prefer no-runtime export or self-host reviewed assets; otherwise pin SRI/crossorigin and add a minimum compatible notebook CSP","Medium","Web engineering with security review","Both direct notebooks render correctly with no unexpected executable request and a passing header/SRI scan"
"SEC-P2-002","dependency supply chain","P2","HIGH FOR VERSIONS; MEDIUM FOR EXPLOITABILITY","SECURITY_FINDINGS.md § SEC-P2-002; COMMAND_RESULTS.md npm ci and baseline notes","Lockfile and build/development dependency graph","npm reported 0 critical, 2 high, and 1 moderate vulnerable packages; no browser exploit was demonstrated, but build/CI paths retain known vulnerable code","Update owning dependencies in an isolated branch to compatible patched resolutions; avoid forced broad upgrades","Small to medium","Web engineering and dependency maintainer","Both npm audit modes, dependency-path inspection, signature checks, tests, lint status, and production build are recorded after update"
"SEC-P2-003","API abuse prevention","P2","HIGH SOURCE CONFIDENCE; LIVE ENABLEMENT UNVERIFIED","SECURITY_FINDINGS.md § SEC-P2-003","Optional public Chatterbox TTS POST route","If enabled, unauthenticated requests can consume backend compute and expose bounded backend detail; no live POST was made","Owner-verify enablement; if enabled add shared durable rate/concurrency/request-size controls, generic errors, and appropriate auth or adaptive challenge","Medium","Application engineering and platform operations","Authorized staging tests cover oversized/chunked/concurrent calls, distributed limits, timeouts, and sanitized errors; provider metrics reviewed"
"SEC-P2-004","form abuse prevention","P2","HIGH SOURCE CONFIDENCE; MEDIUM PRODUCTION EFFECTIVENESS","SECURITY_FINDINGS.md § SEC-P2-004","Contact form action and platform limits","Process-local rate limiting and Content-Length-dependent size rejection may not hold across serverless instances or chunked/omitted-length requests","Add platform/stream size enforcement, shared privacy-preserving rate limiting, quotas, and monitoring; retain validation and honeypot","Medium","Application engineering and platform operations","Authorized staging tests cover multiple instances, distributed callers, missing/chunked/oversized bodies, honeypot, and provider quota alerts"
"SEC-P2-005","email authentication","P2","HIGH","SECURITY_FINDINGS.md § SEC-P2-005; EMAIL_REPUTATION_APPENDIX.md § Public DNS posture","Domain email anti-spoofing policy","No DMARC TXT record was observed; this weakens anti-spoofing visibility but is not evidence of a web-search penalty","Inventory every sender and prove SPF/DKIM alignment before owner-approved monitoring-only DMARC, then advance policy gradually from aggregate evidence","Medium over monitoring period","Domain/DNS owner and email administrator","Representative messages from every sender align; aggregate reports contain expected sources; policy advances without legitimate-delivery regression"
"SEC-P3-001","DNS and certificate hardening","P3","HIGH","SECURITY_FINDINGS.md § SEC-P3-001","Domain delegation and certificate-issuance policy","DNSSEC and CAA are absent; this is defense-in-depth, not an active incident or traffic cause","Evaluate provider support, key rollover/recovery, every issuer, and wildcard renewal before any owner-authorized change","Small implementation; medium planning","DNS/registrar owner and platform engineering","DS/DNSKEY validate independently; renewal succeeds; CAA authorizes every required issuer with documented rollback"
"SEC-P3-002","browser policy hardening","P3","HIGH FOR SAMPLED RESPONSES","SECURITY_FINDINGS.md § SEC-P3-002","Production response-header and CSP policy","Sampled routes have useful controls but static CSP is meta-delivered, style-src allows unsafe-inline, HSTS lacks includeSubDomains/preload, and cross-origin isolation policies are absent; no exploit was shown","Inventory third parties and subdomains before selectively tightening response CSP and other policies; do not break analytics, videos, fonts, notebooks, or authentication","Medium","Web and platform engineering","Automated header assertions and browser coverage pass across public, contact, notes, video, analytics, and notebook routes without unaccepted CSP violations"
"INDEXNOW-P2-001","indexability notification","P2","HIGH — SOURCE DEFECT VERIFIED AND LOCALLY FIXED","SEARCH_CONSOLE_AND_BING.md § IndexNow implementation review; CHANGELOG.md § Notes coverage in the production IndexNow workflow","Published Notes additions, changes, and final deletion notification","The production workflow diffed only the main sitemap, so Notes changes were omitted from automatic IndexNow notification; IndexNow notification itself does not guarantee indexing, ranking, clicks, or AI citation","Keep independent main and Notes sitemap snapshots, fail malformed responses closed, deploy through the normal reviewed path, and inspect the first production workflow plus IndexNow Insights","Small","Repository maintainer and site owner","Local IndexNow suite passes 11/11 with separate workflow paths/keys, valid empty Notes sitemap, final deletion, foreign-host rejection, dry-run isolation, and malformed-response fail-closed cases; owner verifies the first successful production run and receipt"
