backlog_id,finding_id,priority,evidence_status,action,status,dependency,owner,effort,verification
"RB-001","GSC-P1-001","P1","VERIFIED ACCESS BLOCKER","Obtain read-only Search Console exports and dated Manual Actions, Security Issues, indexing, sitemap, links, CWV, and 45-URL Inspection evidence","OWNER ACTION REQUIRED","Existing verified property or explicitly approved verification route","Search property owner","Small owner action; medium evidence review","Required sanitized reports exist; all 45 inspection rows have dated statuses; private identifiers remain private"
"RB-002","BING-P1-001","P1","VERIFIED ACCESS BLOCKER","Obtain read-only Bing exports and verify property, security, crawl/indexing, sitemaps, backlinks, URL Inspection, and live IndexNow Insights/workflow state","OWNER ACTION REQUIRED","Existing Bing property or explicit owner choice of import/manual verification","Bing property owner","Small owner action; medium evidence review","Required sanitized reports and representative URL outcomes exist; IndexNow key remains undisclosed"
"RB-003","ANALYTICS-P1-001","P1","VERIFIED COUNTS; HUMAN CLASSIFICATION UNESTABLISHED","Freeze measurement definitions and collect a clean 30-day window with owner, deploy, audit, preview, monitoring, and synthetic annotations/exclusions","READY FOR OWNER DECISION","Privacy review, owner/test identification method, canonical/alias join, and accepted outcome definitions","Site owner and analytics/privacy owner","Medium","A reproducible clean-human estimate or documented product limitation exists under frozen filters, units, timezone, and contamination rules"
"RB-004","CRAWL-P3-001;INDEX-P2-001;LINK-P2-001","P2","VERIFIED LIVE CRAWL; TARGETED PROPOSALS","Resolve the four exact canonical-policy rows, two standalone notebook dead ends, the hidden-only resource path, and two shared legacy topic hrefs only after page-role and editorial approval","EVIDENCE COMPLETE — PROPOSALS NOT IMPLEMENTED","Owner intent for notebook, pagination, resource, and hub roles; editorial approval for any new contextual path","Information architect, editorial owner, and platform owner","Medium targeted work","Accepted rerun preserves 1,022 reconciled URLs, one 935-node component, zero true orphans, and 25/25 supported flagships while each approved target has the intended canonical and visible path"
"RB-005","PERF-P1-002","P1","VERIFIED LAB DEFECT ON HIGH-VALUE ROUTE","Replace three eager résumé YouTube players with accessible click-to-play posters","PROPOSED — NOT IMPLEMENTED","Owner approves UX; local poster/title/caption/direct-link design; before SHA retained","Frontend engineer and content/video owner","Medium","No YouTube request before activation; clean three-run medians improve; keyboard, focus, caption, content, and route tests pass"
"RB-006","PERF-P1-001","P1","VERIFIED FIELD LOADING WEAKNESS","Investigate desktop field loading by route/geography and use stable field evidence to select the next narrow correction","READY FOR OWNER DECISION","Clean measurement window and same-route/device comparison protocol","Site owner and performance engineer","Medium","Comparable 28-day field p75 and clean route lab medians exist; no accessibility/content/layout regression"
"RB-007","PERF-P2-003","P2","VERIFIED LAB PAYLOAD","Add responsive compressed archive thumbnails with truthful intrinsic dimensions","PROPOSED — NOT IMPLEMENTED","Media pipeline design and actual LCP-card verification","Frontend and media-pipeline engineer","Medium","Responsive-source assertions pass and archive image transfer improves against 1,635 KiB median without visual/alt/layout regression"
"RB-008","A11Y-P2-001","P2","VERIFIED REPEATABLE DEFECTS","Fix exact résumé/Atlas contrast and visible-label/accessibility-name mismatches and add rendered regressions","PROPOSED — NOT IMPLEMENTED","Design-token/component review and manual voice-control test plan","Design-system and frontend engineer","Small to medium","Applicable Lighthouse nodes reach zero; rendered contrast/name tests and manual keyboard/voice-control checks pass"
"RB-009","CONVERSION-P2-001","P2","VERIFIED MEASUREMENT GAP","Approve the eight-stage funnel and implement only one or two privacy-bounded outcome events after preview validation","OWNER DECISION REQUIRED","Privacy disclosure, event tier/tool decision, owner/test boundary, frozen qualification rule","Site owner and analytics/privacy owner","Medium","Accepted events fire once under defined scope, rejected signals do not fire, all stages name sources/statuses, and no personal data is transmitted"
"RB-010","CONTENT-P2-001","P2","OBSERVED LOCAL GAPS; BROAD CORPUS PRIORITY IS HEURISTIC","Confirm and repair the one observed HTTP 404 citation; clear the three source-to-claim concern pages; then review at most one healthcare and one interactive provisional flagship before promotion","PROPOSED EDITORIAL REVIEW","Owner-approved 25-page cohort, subject-matter reviewer, source-to-claim method, and search evidence where available","Editorial owner and subject-matter reviewer","Medium per cycle","Each selected page has live, approved, semantically supporting sources, limitations, contribution context, a genuine review date, and no decorative references"
"RB-011","AUTH-P2-001","P2","PLAUSIBLE CONSTRAINT; BACKLINK SHORTAGE UNVERIFIED","After link exports and page-readiness approval, run one small contribution-first manual distribution cycle","BLOCKED BY RB-001/RB-002/RB-003/RB-010","Google/Bing link evidence, confirmed identities, clean measurement, and page readiness","Site owner and editorial owner","Medium","Independent earned domains remain separated from owned/social; attributable use and qualified continuation are recorded; no automated outreach"
"RB-012","VIS-P2-001","P2","VERIFIED LAB WORKLOAD","Split or defer Fractal Atlas laboratory code while preserving its article and accessibility/static/share features","PROPOSED — NOT IMPLEMENTED","Before SHA, code-split design, visualization regression suite","Visualization and platform engineer","Medium to large","Initial 275 KiB JavaScript and 4,371 ms mobile main-thread baselines improve; activation, state, canonical, fallback, keyboard, pause, and disposal tests pass"
"RB-013","VIS-P2-002","P2","VERIFIED RESPONSIVE DEFECT","Repair lightweight shader resize and add offscreen/hidden pause-resume behavior","PROPOSED — NOT IMPLEMENTED","Visualization lifecycle design and automated resize harness","Visualization frontend engineer","Small to medium","390→320→768 canvas bounds and coordinates pass; hidden/offscreen/reduced-motion/user-state tests pass"
"RB-014","SEC-P2-002","P2","VERIFIED ADVISORY VERSIONS; EXPLOITABILITY BOUNDED","Update owning dependencies to compatible patched resolutions in an isolated change","PROPOSED — NOT IMPLEMENTED","SvelteKit/Vite/adapter compatibility and preserved baseline failure context","Web engineering and dependency maintainer","Small to medium","Both audit modes, dependency paths, registry signatures, targeted/full tests, lint status, and production build are recorded"
"RB-015","SEC-P2-001","P2","VERIFIED STATIC/PUBLIC PAGE CONFIGURATION","Remove runtime notebook scripts or self-host/restrict them with SRI and a minimum compatible CSP","OWNER/ENGINEERING DECISION REQUIRED","Decision on executable notebooks and same-origin iframe/X-Frame-Options intent","Web engineering with security review","Medium","Both direct notebooks render with no unexpected executable request and pass CSP/SRI/header inspection"
"RB-016","SEC-P2-003","P2","SOURCE VERIFIED; LIVE ENABLEMENT UNVERIFIED","Verify whether Chatterbox TTS is enabled; if enabled add durable shared abuse, size, concurrency, error, and access controls","OWNER ACTION THEN PROPOSAL","Production configuration evidence, product access decision, shared store/provider limits","Application engineering and platform operations","Medium","Authorized staging abuse/timeout/error tests pass and provider metrics show bounded use"
"RB-017","SEC-P2-004","P2","SOURCE VERIFIED; PLATFORM PROTECTION UNVERIFIED","Add platform/stream size enforcement and shared privacy-preserving contact rate/quotas if provider controls do not already close the gap","OWNER ACTION THEN PROPOSAL","Provider control inventory, privacy retention decision, shared store or edge limit","Application engineering and platform operations","Medium","Authorized multi-instance/chunked/oversized/honeypot/normal-flow tests and provider quota alerts pass"
"RB-018","SEC-P2-005","P2","VERIFIED DNS ABSENCE; DELIVERY UNVERIFIED","Inventory every sender and prove SPF/DKIM alignment before staged owner-approved DMARC monitoring","OWNER ACTION REQUIRED","Private aggregate-report destination, provider headers, sender inventory, rollback plan","Domain/DNS owner and email administrator","Medium over monitoring period","Every sender aligns; reports show expected sources; policy advances gradually without legitimate-delivery regression"
"RB-019","CONTENT-P2-002","P2","HEURISTIC CANDIDATES; RENDERED GRAPH JOIN COMPLETE","Review the 205 overlap/taxonomy candidates against queries, rendered graph evidence, and editorial intent; act only page by page","BLOCKED BY SEARCH EVIDENCE AND EDITORIAL APPROVAL","RB-001, RB-002, and explicit editorial approval; accepted crawl evidence is available","Editorial owner and information architect","Medium to large","Every change has equivalent intent/canonical replacement evidence, before/after crawl, and owner approval; no mass change"
"RB-020","SEC-P3-001","P3","VERIFIED HARDENING GAP; NO INCIDENT","Evaluate DNSSEC and CAA only after complete provider, issuer, wildcard-renewal, rollover, and recovery review","DEFERRED — OWNER AUTHORIZATION REQUIRED","Registrar/DNS access and documented recovery/issuer inventory","DNS/registrar owner and platform engineering","Small implementation; medium planning","Independent DNSSEC validation and automated renewal verification pass with rollback documented"
"RB-021","SEC-P3-002","P3","VERIFIED SAMPLE; NO EXPLOIT","Evaluate narrower response CSP and optional browser policies after third-party/subdomain compatibility inventory","DEFERRED","Complete public/private route, analytics, video, font, notebook, auth, and subdomain matrix","Web and platform engineering","Medium","Automated header assertions and cross-route browser tests pass without unaccepted CSP or functionality regressions"
"RB-022","INDEXNOW-P2-001","P2","VERIFIED SOURCE DEFECT; LOCAL FIX 11/11","Deploy the independently cached main-and-Notes IndexNow workflow through the normal reviewed production path, then inspect the first run and IndexNow Insights without mass resubmission","IMPLEMENTED LOCALLY — NOT DEPLOYED","Repository review, normal production deployment, Bing property access for receipt evidence","Repository maintainer and site owner","Small","First production workflow succeeds, submits only expected canonical changed/deleted URLs, stores separate snapshots, exposes no preview URL or secret, and is corroborated in IndexNow Insights where available"
